,drug,target,pred,smiles
2,Acetaminophen,PTGS1,old,CC(Nc1ccc(O)cc1)=O
3,Acetaminophen,PTGS2,old,CC(Nc1ccc(O)cc1)=O
6,Adinazolam,GABRA1,old,CN(Cc1n(c2nn1)c3c(cc(Cl)cc3)C(c4ccccc4)=NC2)C
7,Ajmaline,SCN5A,old,CCC(C(O)N(C1C2)C(C34)CC(C3O)(C15)c(c6N5C)cccc6)C24
14,Amantadine,GRIN3A,old,NC(C1)(C2)CC(CC2C3)CC13
15,Amantadine,DRD2,old,NC(C1)(C2)CC(CC2C3)CC13
16,Amcinonide,NR3C1,old,[H]C1(OC2(CCCC2)O3)C3(C(COC(=O)C)=O)C(C)(C4([H])C1)CC(O)C(F)(C45[H])C(C)(C(=C6)CC5)C=CC6=O
17,Amiloride,ADORA2A,old,NC(=N)NC(=O)c1nc(Cl)c(N)nc1N
50,Amlodipine,CACNA1C,old,CCOC(C(C(c1ccccc1Cl)C(C(OC)=O)=C(C)N2)=C2COCCN)=O
51,Amlodipine,CACNA1B,old,CCOC(C(C(c1ccccc1Cl)C(C(OC)=O)=C(C)N2)=C2COCCN)=O
52,Amlodipine,ADRA1A,old,CCOC(C(C(c1ccccc1Cl)C(C(OC)=O)=C(C)N2)=C2COCCN)=O
53,Amlodipine,SLC6A3,chembl,CCOC(C(C(c1ccccc1Cl)C(C(OC)=O)=C(C)N2)=C2COCCN)=O
54,Amobarbital,GABRA1,old,CCC1(C(=O)NC(=O)NC1=O)CCC(C)C
55,Amobarbital,CHRNA10,drugbank,CCC1(C(=O)NC(=O)NC1=O)CCC(C)C
73,Amrinone,PDE4D,old,NC(C(=O)NC=C1c2ccncc2)=C1
74,Amrinone,PDE3A,old,NC(C(=O)NC=C1c2ccncc2)=C1
76,Antipyrine,PTGS1,old,CN1C(C)=CC(=O)N1c2ccccc2
77,Antipyrine,PTGS2,old,CN1C(C)=CC(=O)N1c2ccccc2
92,Aprindine,SCN5A,old,CCN(CCCN(c1ccccc1)C2Cc3c(cccc3)C2)CC
93,Aprindine,HRH1,new,CCN(CCCN(c1ccccc1)C2Cc3c(cccc3)C2)CC
129,Atenolol,ADORA3,old,CC(NCC(COc1ccc(CC(=O)N)cc1)O)C
130,Atenolol,ADRB1,old,CC(NCC(COc1ccc(CC(=O)N)cc1)O)C
142,Baclofen,ADORA3,old,NCC(c1ccc(Cl)cc1)CC(=O)O
144,Benzonatate,SCN5A,old,CCCCNc1ccc(cc1)C(=O)OCCOCCOCCOCCOCCOCCOCCOCCOCCOC
145,Benzphetamine,ADRA1A,old,CC(N(Cc1ccccc1)C)Cc2ccccc2
146,Benzphetamine,SLC6A3,old,CC(N(Cc1ccccc1)C)Cc2ccccc2
147,Benzphetamine,ADRA2A,old,CC(N(Cc1ccccc1)C)Cc2ccccc2
148,Benzphetamine,ADRA2B,new,CC(N(Cc1ccccc1)C)Cc2ccccc2
149,Benzphetamine,ADRA2C,new,CC(N(Cc1ccccc1)C)Cc2ccccc2
150,Benzquinamide,CHRM3,old,CCN(C(C1C(OC(=O)C)CC(N2C1)c3c(cc(OC)c(OC)c3)CC2)=O)CC
151,Benzquinamide,HRH1,old,CCN(C(C1C(OC(=O)C)CC(N2C1)c3c(cc(OC)c(OC)c3)CC2)=O)CC
152,Benzquinamide,CHRM1,old,CCN(C(C1C(OC(=O)C)CC(N2C1)c3c(cc(OC)c(OC)c3)CC2)=O)CC
153,Benzquinamide,CHRM2,old,CCN(C(C1C(OC(=O)C)CC(N2C1)c3c(cc(OC)c(OC)c3)CC2)=O)CC
154,Benzquinamide,ADRA2A,new,CCN(C(C1C(OC(=O)C)CC(N2C1)c3c(cc(OC)c(OC)c3)CC2)=O)CC
155,Benzquinamide,ADRA2B,new,CCN(C(C1C(OC(=O)C)CC(N2C1)c3c(cc(OC)c(OC)c3)CC2)=O)CC
156,Benzquinamide,ADRA2C,new,CCN(C(C1C(OC(=O)C)CC(N2C1)c3c(cc(OC)c(OC)c3)CC2)=O)CC
166,Betazole,HRH2,old,NCCc1[nH]ncc1
167,Bethanechol,CHRM2,old,CC(OC(=O)N)C[N+](C)(C)C
168,Bevantolol,ADRB2,old,COc1ccc(CCNCC(COc2cccc(C)c2)O)cc1OC
169,Bevantolol,ADRA1A,old,COc1ccc(CCNCC(COc2cccc(C)c2)O)cc1OC
170,Bevantolol,ADRB1,old,COc1ccc(CCNCC(COc2cccc(C)c2)O)cc1OC
171,Bevantolol,ADRA2C,new,COc1ccc(CCNCC(COc2cccc(C)c2)O)cc1OC
172,Bevantolol,HTR2B,new,COc1ccc(CCNCC(COc2cccc(C)c2)O)cc1OC
173,Bevantolol,SLC6A4,new,COc1ccc(CCNCC(COc2cccc(C)c2)O)cc1OC
176,Bisoprolol,ADRB2,old,CC(NCC(COc1ccc(COCCOC(C)C)cc1)O)C
177,Bisoprolol,ADRB1,old,CC(NCC(COc1ccc(COCCOC(C)C)cc1)O)C
180,Bromazepam,GABRA1,old,Brc1ccc2c(C(c3ccccn3)=NCC(=O)N2)c1
193,Budesonide,NR3C1,old,[H]C1(OC(CCC)O2)C2(C(CO)=O)C(C)(C3([H])C1)CC(O)C([H])(C34[H])C(C)(C(=C5)CC4)C=CC5=O
208,Butalbital,GABRA1,old,CC(CC1(C(=O)NC(=O)NC1=O)CC=C)C
209,Butalbital,CHRNA10,drugbank,CC(CC1(C(=O)NC(=O)NC1=O)CC=C)C
224,Caffeine,ADORA1,old,Cn1c2c(N(C)C(=O)N(C)C2=O)nc1
225,Caffeine,ADORA2A,old,Cn1c2c(N(C)C(=O)N(C)C2=O)nc1
226,Caffeine,ADORA3,old,Cn1c2c(N(C)C(=O)N(C)C2=O)nc1
232,Carbamazepine,SCN5A,old,NC(N1c2c(cccc2)C=Cc3c1cccc3)=O
256,Cetirizine,KCNH2,old,OC(COCCN1CCN(C(c2ccc(Cl)cc2)c3ccccc3)CC1)=O
257,Cetirizine,HRH1,old,OC(COCCN1CCN(C(c2ccc(Cl)cc2)c3ccccc3)CC1)=O
258,Cevimeline,CHRM3,old,CC1SCC2(C3CCN(CC3)C2)O1
259,Cevimeline,CHRM1,old,CC1SCC2(C3CCN(CC3)C2)O1
260,Chlophedianol,HRH1,old,CN(CCC(c1ccccc1Cl)(c2ccccc2)O)C
264,Chloroquine,KCNH2,old,CCN(CCCC(Nc1c2c(cc(Cl)cc2)ncc1)C)CC
265,Chlorotrianisene,ESR1,old,COc1ccc(C(=C(c2ccc(OC)cc2)c3ccc(OC)cc3)Cl)cc1
266,Chlorotrianisene,PTGS1,new,COc1ccc(C(=C(c2ccc(OC)cc2)c3ccc(OC)cc3)Cl)cc1
292,Ciclesonide,NR3C1,old,[H]C1(OC(C2CCCCC2)O3)C3(C(COC(C(C)C)=O)=O)C(C)(C4([H])C1)CC(O)C([H])(C45[H])C(C)(C(=C6)CC5)C=CC6=O
341,Clobazam,GABRA1,old,CN1C(=O)CC(=O)N(c2ccccc2)c3c1ccc(Cl)c3
382,Cyclobenzaprine,HTR2A,old,CN(CCC=C1c2c(cccc2)C=Cc3c1cccc3)C
383,Cyclobenzaprine,HRH1,new,CN(CCC=C1c2c(cccc2)C=Cc3c1cccc3)C
384,Cyclopentolate,CHRM1,old,CN(CCOC(C(C1(CCCC1)O)c2ccccc2)=O)C
385,Cyproterone,AR,old,[H]C1(C(=O)C=C2C3(C([H])(C4([H])C=C2Cl)CCC(C)(C45[H])C(C(=O)C)(O)CC5)C)C3([H])C1
386,Cyproterone,PGR,new,[H]C1(C(=O)C=C2C3(C([H])(C4([H])C=C2Cl)CCC(C)(C45[H])C(C(=O)C)(O)CC5)C)C3([H])C1
403,Desonide,NR3C1,old,[H]C1(OC(C)(C)O2)C2(C(CO)=O)C(C)(C3([H])C1)CC(O)C([H])(C34[H])C(C)(C(=C5)CC4)C=CC5=O
406,Dexbrompheniramine,CHRM3,old,CN(CCC(c1ccccn1)c2ccc(Br)cc2)C
407,Dexbrompheniramine,HRH1,old,CN(CCC(c1ccccn1)c2ccc(Br)cc2)C
408,Dexbrompheniramine,CHRM1,old,CN(CCC(c1ccccn1)c2ccc(Br)cc2)C
409,Dexbrompheniramine,CHRM2,old,CN(CCC(c1ccccn1)c2ccc(Br)cc2)C
425,Dibucaine,SCN5A,old,CCCCOc1cc(C(NCCN(CC)CC)=O)c2c(cccc2)n1
428,Dienestrol,ESR1,old,CC=C(c1ccc(O)cc1)C(c2ccc(O)cc2)=CC
429,Diethylpropion,SLC6A2,old,CCN(C(C(c1ccccc1)=O)C)CC
430,Diethylpropion,SLC6A3,old,CCN(C(C(c1ccccc1)=O)C)CC
445,Diflunisal,PTGS1,old,OC(c1cc(c2c(F)cc(F)cc2)ccc1O)=O
446,Diflunisal,PTGS2,old,OC(c1cc(c2c(F)cc(F)cc2)ccc1O)=O
480,Dobutamine,ADRB2,old,CC(NCCc1ccc(O)c(O)c1)CCc2ccc(O)cc2
481,Dobutamine,ADRB1,old,CC(NCCc1ccc(O)c(O)c1)CCc2ccc(O)cc2
482,Dobutamine,ADRA2A,new,CC(NCCc1ccc(O)c(O)c1)CCc2ccc(O)cc2
483,Dobutamine,ADRA2B,new,CC(NCCc1ccc(O)c(O)c1)CCc2ccc(O)cc2
484,Dobutamine,ADRA2C,new,CC(NCCc1ccc(O)c(O)c1)CCc2ccc(O)cc2
485,Dobutamine,DRD1,new,CC(NCCc1ccc(O)c(O)c1)CCc2ccc(O)cc2
486,Dobutamine,DRD2,new,CC(NCCc1ccc(O)c(O)c1)CCc2ccc(O)cc2
487,Dobutamine,DRD3,new,CC(NCCc1ccc(O)c(O)c1)CCc2ccc(O)cc2
488,Dobutamine,DRD4,new,CC(NCCc1ccc(O)c(O)c1)CCc2ccc(O)cc2
489,Dobutamine,OPRK1,new,CC(NCCc1ccc(O)c(O)c1)CCc2ccc(O)cc2
490,Dobutamine,OPRM1,new,CC(NCCc1ccc(O)c(O)c1)CCc2ccc(O)cc2
491,Dobutamine,SLC6A4,chembl,CC(NCCc1ccc(O)c(O)c1)CCc2ccc(O)cc2
492,Dobutamine,SLC6A3,old,CC(NCCc1ccc(O)c(O)c1)CCc2ccc(O)cc2
493,Dobutamine,SLC6A2,old,CC(NCCc1ccc(O)c(O)c1)CCc2ccc(O)cc2
542,Enoximone,PDE4D,old,CSc1ccc(C(C(NC(=O)N2)=C2C)=O)cc1
543,Enoximone,PDE3A,old,CSc1ccc(C(C(NC(=O)N2)=C2C)=O)cc1
544,Ephedrine,SLC6A2,old,CNC(C(c1ccccc1)O)C
545,Ephedrine,SLC6A4,old,CNC(C(c1ccccc1)O)C
546,Ephedrine,ADRB2,old,CNC(C(c1ccccc1)O)C
547,Ephedrine,ADRA1A,old,CNC(C(c1ccccc1)O)C
548,Ephedrine,SLC6A3,old,CNC(C(c1ccccc1)O)C
549,Ephedrine,ADRA2A,old,CNC(C(c1ccccc1)O)C
550,Ephedrine,ADRB1,old,CNC(C(c1ccccc1)O)C
551,Ephedrine,HTR2A,new,CNC(C(c1ccccc1)O)C
552,Epinephrine,ADRB2,old,CNCC(c1ccc(O)c(O)c1)O
553,Epinephrine,ADRA2C,old,CNCC(c1ccc(O)c(O)c1)O
554,Epinephrine,ADRB3,old,CNCC(c1ccc(O)c(O)c1)O
555,Epinephrine,ADRA1A,old,CNCC(c1ccc(O)c(O)c1)O
556,Epinephrine,ADRA2B,old,CNCC(c1ccc(O)c(O)c1)O
557,Epinephrine,ADRA2A,old,CNCC(c1ccc(O)c(O)c1)O
558,Epinephrine,ADRB1,old,CNCC(c1ccc(O)c(O)c1)O
559,Epinephrine,OPRM1,chembl,CNCC(c1ccc(O)c(O)c1)O
561,Estazolam,GABRA1,old,Clc1ccc2c(C(c3ccccc3)=NCc(n24)nnc4)c1
562,Estradiol beta,AR,old,[H]C1(C([H])(C2([H])CC3)CCc4c2ccc(O)c4)C3(C)C(O)CC1
563,Estradiol beta,NR1I2,old,[H]C1(C([H])(C2([H])CC3)CCc4c2ccc(O)c4)C3(C)C(O)CC1
564,Estradiol beta,ESR1,old,[H]C1(C([H])(C2([H])CC3)CCc4c2ccc(O)c4)C3(C)C(O)CC1
565,Estradiol beta,ESR2,old,[H]C1(C([H])(C2([H])CC3)CCc4c2ccc(O)c4)C3(C)C(O)CC1
566,Estradiol beta,SLC6A3,chembl,[H]C1(C([H])(C2([H])CC3)CCc4c2ccc(O)c4)C3(C)C(O)CC1
567,Estradiol beta,SLC6A4,chembl,[H]C1(C([H])(C2([H])CC3)CCc4c2ccc(O)c4)C3(C)C(O)CC1
570,Etomidate,GABRA1,old,CCOC(c1n(C(c2ccccc2)C)cnc1)=O
571,Etomidate,ADRA2B,old,CCOC(c1n(C(c2ccccc2)C)cnc1)=O
575,Felbamate,GRIN3A,old,NC(OCC(c1ccccc1)COC(=O)N)=O
576,Felodipine,CACNA1C,old,CCOC(C(C(c1cccc(Cl)c1Cl)C(C(OC)=O)=C(C)N2)=C2C)=O
577,Fenfluramine,HTR2B,old,CCNC(Cc1cccc(C(F)(F)F)c1)C
578,Fenfluramine,SLC6A4,old,CCNC(Cc1cccc(C(F)(F)F)c1)C
579,Fenfluramine,HTR2C,old,CCNC(Cc1cccc(C(F)(F)F)c1)C
580,Fenfluramine,HTR1A,chembl,CCNC(Cc1cccc(C(F)(F)F)c1)C
581,Fenoterol,ADRB2,old,CC(NCC(c1cc(O)cc(O)c1)O)Cc2ccc(O)cc2
582,Fenoterol,ADRB3,old,CC(NCC(c1cc(O)cc(O)c1)O)Cc2ccc(O)cc2
583,Fenoterol,ADRB1,old,CC(NCC(c1cc(O)cc(O)c1)O)Cc2ccc(O)cc2
584,Fenoterol,HTR2A,new,CC(NCC(c1cc(O)cc(O)c1)O)Cc2ccc(O)cc2
591,Fludrocortisone,AR,old,[H]C1(C2([H])C(C(C)(C(=C3)CC2)CCC3=O)(F)C(O)([H])C4)C4(C)C(C(CO)=O)(O)CC1
592,Fludrocortisone,NR3C1,old,[H]C1(C2([H])C(C(C)(C(=C3)CC2)CCC3=O)(F)C(O)([H])C4)C4(C)C(C(CO)=O)(O)CC1
600,Fluoxetine,SLC6A2,old,CNCCC(c1ccccc1)Oc2ccc(C(F)(F)F)cc2
601,Fluoxetine,HTR2A,old,CNCCC(c1ccccc1)Oc2ccc(C(F)(F)F)cc2
602,Fluoxetine,KCNH2,old,CNCCC(c1ccccc1)Oc2ccc(C(F)(F)F)cc2
603,Fluoxetine,SLC6A4,old,CNCCC(c1ccccc1)Oc2ccc(C(F)(F)F)cc2
604,Fluoxetine,SLC6A3,old,CNCCC(c1ccccc1)Oc2ccc(C(F)(F)F)cc2
605,Fluoxetine,HRH3,old,CNCCC(c1ccccc1)Oc2ccc(C(F)(F)F)cc2
606,Fluoxetine,ADRA1A,old,CNCCC(c1ccccc1)Oc2ccc(C(F)(F)F)cc2
607,Fluoxetine,HTR2C,old,CNCCC(c1ccccc1)Oc2ccc(C(F)(F)F)cc2
625,Flurazepam,GABRA1,old,CCN(CCN1C(=O)CN=C(c2ccccc2F)c3c1ccc(Cl)c3)CC
641,Gabapentin,ADORA1,old,NCC1(CCCCC1)CC(=O)O
642,Gabapentin,CACNA1B,old,NCC1(CCCCC1)CC(=O)O
643,Gatifloxacin,KCNH2,old,COc1c2c(C(=O)C(C(=O)O)=CN2C3CC3)cc(F)c1N4CC(C)NCC4
654,Glibenclamide,KCNH2,old,COc1ccc(Cl)cc1C(NCCc2ccc(S(NC(NC3CCCCC3)=O)(=O)=O)cc2)=O
655,Glutethimide,GABRA1,old,CCC1(c2ccccc2)C(=O)NC(=O)CC1
659,Granisetron,KCNH2,old,Cn1c2c(cccc2)c(C(NC3CC(N(C)C4C3)CCC4)=O)n1
660,Granisetron,HTR3A,old,Cn1c2c(cccc2)c(C(NC3CC(N(C)C4C3)CCC4)=O)n1
685,Heptabarbital,GABRA1,old,CCC1(C(CCCCC2)=C2)C(=O)NC(=O)NC1=O
686,Heptabarbital,CHRNA10,drugbank,CCC1(C(CCCCC2)=C2)C(=O)NC(=O)NC1=O
690,Hydrocortamate,NR3C1,old,CCN(CC(OCC(C1(C(C)(C2CC1)CC(O)C(C23)C(C)(C(=C4)CC3)CCC4=O)O)=O)=O)CC
693,Hydroxyzine,HRH1,old,OCCOCCN1CCN(C(c2ccc(Cl)cc2)c3ccccc3)CC1
694,Hyoscyamine,CHRM3,old,[H]C1(N(C)C2([H])CC1)CC(OC(C(c3ccccc3)CO)=O)C2
695,Hyoscyamine,CHRM1,old,[H]C1(N(C)C2([H])CC1)CC(OC(C(c3ccccc3)CO)=O)C2
696,Hyoscyamine,CHRM2,old,[H]C1(N(C)C2([H])CC1)CC(OC(C(c3ccccc3)CO)=O)C2
697,Ibuprofen,PTGS1,old,CC(Cc1ccc(C(C(=O)O)C)cc1)C
698,Ibuprofen,PTGS2,old,CC(Cc1ccc(C(C(=O)O)C)cc1)C
718,Isocarboxazid,MAOA,old,Cc1onc(C(NNCc2ccccc2)=O)c1
719,Isopropamide,CHRM3,old,CC([N+](C(C)C)(CCC(c1ccccc1)(c2ccccc2)C(=O)N)C)C
720,Isopropamide,CHRM2,new,CC([N+](C(C)C)(CCC(c1ccccc1)(c2ccccc2)C(=O)N)C)C
733,Ketoconazole,KCNH2,old,CC(N1CCN(c2ccc(OCC3OC(c4ccc(Cl)cc4Cl)(Cn5cncc5)OC3)cc2)CC1)=O
734,Ketoconazole,AR,drugbank,CC(N1CCN(c2ccc(OCC3OC(c4ccc(Cl)cc4Cl)(Cn5cncc5)OC3)cc2)CC1)=O
735,Ketoconazole,SLC6A3,chembl,CC(N1CCN(c2ccc(OCC3OC(c4ccc(Cl)cc4Cl)(Cn5cncc5)OC3)cc2)CC1)=O
736,Ketoconazole,SLC6A2,chembl,CC(N1CCN(c2ccc(OCC3OC(c4ccc(Cl)cc4Cl)(Cn5cncc5)OC3)cc2)CC1)=O
737,Ketoconazole,OPRD1,chembl,CC(N1CCN(c2ccc(OCC3OC(c4ccc(Cl)cc4Cl)(Cn5cncc5)OC3)cc2)CC1)=O
738,Ketoconazole,SLC6A4,old,CC(N1CCN(c2ccc(OCC3OC(c4ccc(Cl)cc4Cl)(Cn5cncc5)OC3)cc2)CC1)=O
749,Lamotrigine,SCN5A,old,Nc1nnc(c2cccc(Cl)c2Cl)c(N)n1
750,Levodopa,DRD4,old,NC(C(=O)O)Cc1ccc(O)c(O)c1
751,Levodopa,DRD1,old,NC(C(=O)O)Cc1ccc(O)c(O)c1
752,Levodopa,DRD3,old,NC(C(=O)O)Cc1ccc(O)c(O)c1
753,Levodopa,DRD2,old,NC(C(=O)O)Cc1ccc(O)c(O)c1
754,Levofloxacin,KCNH2,old,CC1N2c(c3OC1)c(C(=O)C(C(=O)O)=C2)cc(F)c3N4CCN(C)CC4
765,Lidocaine,SCN5A,old,CCN(CC(Nc1c(C)cccc1C)=O)CC
781,Lorazepam,GABRA1,old,OC1C(=O)Nc2c(cc(Cl)cc2)C(c3ccccc3Cl)=N1
806,Masoprocol,PTGS1,old,CC(C(Cc1ccc(O)c(O)c1)C)Cc2ccc(O)c(O)c2
807,Masoprocol,ESR1,old,CC(C(Cc1ccc(O)c(O)c1)C)Cc2ccc(O)c(O)c2
808,Masoprocol,DRD2,new,CC(C(Cc1ccc(O)c(O)c1)C)Cc2ccc(O)c(O)c2
812,Meclozine,HRH1,old,Cc1cc(CN2CCN(C(c3ccc(Cl)cc3)c4ccccc4)CC2)ccc1
813,Meclozine,DRD3,new,Cc1cc(CN2CCN(C(c3ccc(Cl)cc3)c4ccccc4)CC2)ccc1
814,Meclozine,DRD4,new,Cc1cc(CN2CCN(C(c3ccc(Cl)cc3)c4ccccc4)CC2)ccc1
815,Meclozine,HTR2A,new,Cc1cc(CN2CCN(C(c3ccc(Cl)cc3)c4ccccc4)CC2)ccc1
816,Medroxyprogesterone,PGR,old,[H]C1(C2([H])C(C(C)(C(=C3)C(C)C2)CCC3=O)([H])CC4)C4(C)C(C(=O)C)(O)CC1
817,Medroxyprogesterone,ESR1,old,[H]C1(C2([H])C(C(C)(C(=C3)C(C)C2)CCC3=O)([H])CC4)C4(C)C(C(=O)C)(O)CC1
818,Medroxyprogesterone,NR3C1,new,[H]C1(C2([H])C(C(C)(C(=C3)C(C)C2)CCC3=O)([H])CC4)C4(C)C(C(=O)C)(O)CC1
819,Medrysone,NR3C1,old,[H]C1(C2([H])C(C(C)(C(=C3)C(C)C2)CCC3=O)([H])C(O)C4)C4(C)C(C(=O)C)CC1
820,Medrysone,AR,new,[H]C1(C2([H])C(C(C)(C(=C3)C(C)C2)CCC3=O)([H])C(O)C4)C4(C)C(C(=O)C)CC1
821,Medrysone,PGR,new,[H]C1(C2([H])C(C(C)(C(=C3)C(C)C2)CCC3=O)([H])C(O)C4)C4(C)C(C(=O)C)CC1
827,Melatonin,ESR1,old,COc1ccc2c(c(CCNC(=O)C)c[nH]2)c1
841,Meprobamate,GABRA1,old,CCCC(COC(=O)N)(COC(=O)N)C
847,Metaraminol,ADRA1A,old,CC(C(c1cccc(O)c1)O)N
848,Metaraminol,HTR2B,new,CC(C(c1cccc(O)c1)O)N
856,Metharbital,GABRA1,old,CCC1(C(=O)N(C)C(=O)NC1=O)CC
857,Metharbital,CHRNA10,drugbank,CCC1(C(=O)N(C)C(=O)NC1=O)CC
858,Methyldopa,ADRA2A,old,CC(C(=O)O)(Cc1ccc(O)c(O)c1)N
876,Metoprolol,ADRB2,old,COCCc1ccc(OCC(CNC(C)C)O)cc1
877,Metoprolol,ADRB1,old,COCCc1ccc(OCC(CNC(C)C)O)cc1
910,Midodrine,ADRA1A,old,COc1ccc(OC)c(C(CNC(CN)=O)O)c1
921,Minaprine,HTR2B,old,Cc1cc(c2ccccc2)nnc1NCCN3CCOCC3
922,Minaprine,HTR2A,old,Cc1cc(c2ccccc2)nnc1NCCN3CCOCC3
923,Minaprine,DRD1,old,Cc1cc(c2ccccc2)nnc1NCCN3CCOCC3
924,Minaprine,SLC6A4,old,Cc1cc(c2ccccc2)nnc1NCCN3CCOCC3
925,Minaprine,MAOA,old,Cc1cc(c2ccccc2)nnc1NCCN3CCOCC3
926,Minaprine,HTR2C,old,Cc1cc(c2ccccc2)nnc1NCCN3CCOCC3
927,Minaprine,DRD2,old,Cc1cc(c2ccccc2)nnc1NCCN3CCOCC3
928,Minaprine,CHRM1,old,Cc1cc(c2ccccc2)nnc1NCCN3CCOCC3
929,Minoxidil,PTGS1,old,Nc1cc(nc(N)[n+]1[O-])N2CCCCC2
932,Modafinil,SLC6A3,old,NC(=O)C[S+]([O-])C(c1ccccc1)c2ccccc2
936,Nadolol,ADRB2,old,CC(NCC(COc1c2c(CC(O)C(O)C2)ccc1)O)(C)C
937,Nadolol,ADRB1,old,CC(NCC(COc1c2c(CC(O)C(O)C2)ccc1)O)(C)C
938,Naproxen,PTGS1,old,COc1ccc2c(ccc(C(C(=O)O)C)c2)c1
939,Naproxen,PTGS2,old,COc1ccc2c(ccc(C(C(=O)O)C)c2)c1
956,Nimodipine,CACNA1C,old,COCCOC(C(C(c1cccc([N+](=O)[O-])c1)C(C(OC(C)C)=O)=C(C)N2)=C2C)=O
957,Nimodipine,ADORA3,old,COCCOC(C(C(c1cccc([N+](=O)[O-])c1)C(C(OC(C)C)=O)=C(C)N2)=C2C)=O
958,Nimodipine,CNR1,chembl,COCCOC(C(C(c1cccc([N+](=O)[O-])c1)C(C(OC(C)C)=O)=C(C)N2)=C2C)=O
959,Nimodipine,ADORA1,chembl,COCCOC(C(C(c1cccc([N+](=O)[O-])c1)C(C(OC(C)C)=O)=C(C)N2)=C2C)=O
960,Nisoldipine,CACNA1C,old,COC(C(C(c1ccccc1[N+](=O)[O-])C(C(OCC(C)C)=O)=C(C)N2)=C2C)=O
961,Nisoldipine,ADORA2A,chembl,COC(C(C(c1ccccc1[N+](=O)[O-])C(C(OCC(C)C)=O)=C(C)N2)=C2C)=O
968,Nizatidine,HRH2,old,CNC(=C[N+](=O)[O-])NCCSCc1nc(CN(C)C)sc1
969,Norephedrine,DRD1,old,CC(C(c1ccccc1)O)N
970,Norephedrine,ADRA1A,old,CC(C(c1ccccc1)O)N
971,Norephedrine,ADRA2A,old,CC(C(c1ccccc1)O)N
972,Norephedrine,ADRB1,old,CC(C(c1ccccc1)O)N
973,Norephedrine,ADRB2,drugbank,CC(C(c1ccccc1)O)N
1007,Olmesartan,AGTR1,old,CCCc1n(Cc2ccc(c3ccccc3c4nn[nH]n4)cc2)c(C(OCC(OC(=O)O5)=C5C)=O)c(C(O)(C)C)n1
1008,Ondansetron,OPRM1,old,Cn1c2c(cccc2)c3c1CCC(Cn4c(C)ncc4)C3=O
1009,Ondansetron,KCNH2,old,Cn1c2c(cccc2)c3c1CCC(Cn4c(C)ncc4)C3=O
1010,Ondansetron,HTR3A,old,Cn1c2c(cccc2)c3c1CCC(Cn4c(C)ncc4)C3=O
1011,Ondansetron,HTR1A,old,Cn1c2c(cccc2)c3c1CCC(Cn4c(C)ncc4)C3=O
1012,Ondansetron,HTR2C,chembl,Cn1c2c(cccc2)c3c1CCC(Cn4c(C)ncc4)C3=O
1015,Oxazepam,GABRA1,old,OC1C(=O)Nc2c(cc(Cl)cc2)C(c3ccccc3)=N1
1016,Oxcarbazepine,SCN5A,old,NC(N1c2c(cccc2)C(=O)Cc3c1cccc3)=O
1017,Oxprenolol,ADRB2,old,CC(NCC(COc1ccccc1OCC=C)O)C
1018,Oxprenolol,ADRB1,old,CC(NCC(COc1ccccc1OCC=C)O)C
1019,Oxyphencyclimine,CHRM3,old,CN1C(COC(C(c2ccccc2)(C3CCCCC3)O)=O)=NCCC1
1020,Oxyphencyclimine,CHRM1,old,CN1C(COC(C(c2ccccc2)(C3CCCCC3)O)=O)=NCCC1
1021,Oxyphencyclimine,CHRM2,old,CN1C(COC(C(c2ccccc2)(C3CCCCC3)O)=O)=NCCC1
1022,Pancuronium,CHRM3,old,[H]C1(C2([H])C(C(C)(C3([H])CC2)CC([N+]4(CCCCC4)C)C(OC(=O)C)C3)([H])CC5)C5(C)C(OC(=O)C)C([N+]6(CCCCC6)C)C1
1023,Pancuronium,CHRM2,old,[H]C1(C2([H])C(C(C)(C3([H])CC2)CC([N+]4(CCCCC4)C)C(OC(=O)C)C3)([H])CC5)C5(C)C(OC(=O)C)C([N+]6(CCCCC6)C)C1
1024,Pancuronium,CHRNA10,drugbank,[H]C1(C2([H])C(C(C)(C3([H])CC2)CC([N+]4(CCCCC4)C)C(OC(=O)C)C3)([H])CC5)C5(C)C(OC(=O)C)C([N+]6(CCCCC6)C)C1
1034,Pentobarbital,GABRA1,old,CCCC(C1(C(=O)NC(=O)NC1=O)CC)C
1035,Pentobarbital,KCNH2,old,CCCC(C1(C(=O)NC(=O)NC1=O)CC)C
1036,Pentobarbital,CHRNA10,drugbank,CCCC(C1(C(=O)NC(=O)NC1=O)CC)C
1037,Pentobarbital,GRIN3A,drugbank,CCCC(C1(C(=O)NC(=O)NC1=O)CC)C
1038,Pentoxifylline,ADORA1,old,Cn1c2c(N(C)C(=O)N(CCCCC(=O)C)C2=O)nc1
1039,Pentoxifylline,PDE4D,old,Cn1c2c(N(C)C(=O)N(CCCCC(=O)C)C2=O)nc1
1040,Pentoxifylline,ADORA2A,old,Cn1c2c(N(C)C(=O)N(CCCCC(=O)C)C2=O)nc1
1056,Phenmetrazine,SLC6A2,old,CC1C(c2ccccc2)OCCN1
1057,Phenmetrazine,SLC6A3,old,CC1C(c2ccccc2)OCCN1
1058,Phentermine,SLC6A2,old,CC(Cc1ccccc1)(N)C
1059,Phentermine,SLC6A4,old,CC(Cc1ccccc1)(N)C
1060,Phentermine,MAOA,old,CC(Cc1ccccc1)(N)C
1061,Phentermine,SLC6A3,old,CC(Cc1ccccc1)(N)C
1068,Phenylbutazone,PTGS1,old,CCCCC1C(=O)N(c2ccccc2)N(c3ccccc3)C1=O
1069,Phenylbutazone,PTGS2,old,CCCCC1C(=O)N(c2ccccc2)N(c3ccccc3)C1=O
1077,Phenytoin,KCNH2,old,O=C1NC(c2ccccc2)(c3ccccc3)C(=O)N1
1078,Phenytoin,SCN5A,old,O=C1NC(c2ccccc2)(c3ccccc3)C(=O)N1
1079,Pilocarpine,CHRM3,old,CCC1C(=O)OCC1Cc2n(C)cnc2
1080,Pilocarpine,CHRM1,old,CCC1C(=O)OCC1Cc2n(C)cnc2
1081,Pilocarpine,CHRM2,old,CCC1C(=O)OCC1Cc2n(C)cnc2
1097,Pramipexole,HTR2B,old,CCCNC1Cc2c(nc(N)s2)CC1
1098,Pramipexole,DRD4,old,CCCNC1Cc2c(nc(N)s2)CC1
1099,Pramipexole,HTR2A,old,CCCNC1Cc2c(nc(N)s2)CC1
1100,Pramipexole,DRD1,old,CCCNC1Cc2c(nc(N)s2)CC1
1101,Pramipexole,HTR2C,old,CCCNC1Cc2c(nc(N)s2)CC1
1102,Pramipexole,ADRA2C,old,CCCNC1Cc2c(nc(N)s2)CC1
1103,Pramipexole,DRD3,old,CCCNC1Cc2c(nc(N)s2)CC1
1104,Pramipexole,DRD2,old,CCCNC1Cc2c(nc(N)s2)CC1
1105,Pramipexole,ADRA2B,old,CCCNC1Cc2c(nc(N)s2)CC1
1106,Pramipexole,ADRA2A,old,CCCNC1Cc2c(nc(N)s2)CC1
1107,Pramipexole,HTR1A,old,CCCNC1Cc2c(nc(N)s2)CC1
1119,Prednicarbate,NR3C1,old,CCOC(OC1(C(COC(CC)=O)=O)C(C)(C2CC1)CC(O)C(C23)C(C)(C(=C4)CC3)C=CC4=O)=O
1120,Prednicarbate,AR,new,CCOC(OC1(C(COC(CC)=O)=O)C(C)(C2CC1)CC(O)C(C23)C(C)(C(=C4)CC3)C=CC4=O)=O
1125,Primidone,GABRA1,old,CCC1(c2ccccc2)C(=O)NCNC1=O
1126,Primidone,CHRNA10,drugbank,CCC1(c2ccccc2)C(=O)NCNC1=O
1127,Procainamide,SCN5A,old,CCN(CCNC(c1ccc(N)cc1)=O)CC
1128,Procaine,GRIN3A,old,CCN(CCOC(c1ccc(N)cc1)=O)CC
1129,Procaine,HTR3A,old,CCN(CCOC(c1ccc(N)cc1)=O)CC
1130,Procaine,SLC6A3,old,CCN(CCOC(c1ccc(N)cc1)=O)CC
1131,Procaine,CHRNA10,drugbank,CCN(CCOC(c1ccc(N)cc1)=O)CC
1139,Procyclidine,GRIN3A,old,OC(c1ccccc1)(C2CCCCC2)CCN3CCCC3
1140,Procyclidine,CHRM3,old,OC(c1ccccc1)(C2CCCCC2)CCN3CCCC3
1141,Procyclidine,CHRM1,old,OC(c1ccccc1)(C2CCCCC2)CCN3CCCC3
1142,Procyclidine,CHRM2,old,OC(c1ccccc1)(C2CCCCC2)CCN3CCCC3
1143,Progabide,GABRA1,old,NC(=O)CCC\N=C(/c1ccc(Cl)cc1)\c2cc(F)ccc2O
1150,Proglumide,CCKBR,old,CCCN(C(C(NC(c1ccccc1)=O)CCC(=O)O)=O)CCC
1151,Proglumide,CCKAR,old,CCCN(C(C(NC(c1ccccc1)=O)CCC(=O)O)=O)CCC
1165,Promethazine,HTR2A,old,CC(N(C)C)CN1c2c(cccc2)Sc3c1cccc3
1166,Promethazine,DRD2,old,CC(N(C)C)CN1c2c(cccc2)Sc3c1cccc3
1167,Promethazine,CHRM3,old,CC(N(C)C)CN1c2c(cccc2)Sc3c1cccc3
1168,Promethazine,ADRA1A,old,CC(N(C)C)CN1c2c(cccc2)Sc3c1cccc3
1169,Promethazine,HRH1,old,CC(N(C)C)CN1c2c(cccc2)Sc3c1cccc3
1170,Promethazine,CHRM1,old,CC(N(C)C)CN1c2c(cccc2)Sc3c1cccc3
1171,Promethazine,CHRM2,old,CC(N(C)C)CN1c2c(cccc2)Sc3c1cccc3
1172,Promethazine,HTR1A,chembl,CC(N(C)C)CN1c2c(cccc2)Sc3c1cccc3
1173,Promethazine,SLC6A2,chembl,CC(N(C)C)CN1c2c(cccc2)Sc3c1cccc3
1174,Promethazine,SLC6A4,chembl,CC(N(C)C)CN1c2c(cccc2)Sc3c1cccc3
1175,Promethazine,HTR2C,old,CC(N(C)C)CN1c2c(cccc2)Sc3c1cccc3
1176,Propiomazine,DRD4,old,CCC(c1ccc2c(N(CC(N(C)C)C)c3c(cccc3)S2)c1)=O
1177,Propiomazine,HTR2A,old,CCC(c1ccc2c(N(CC(N(C)C)C)c3c(cccc3)S2)c1)=O
1178,Propiomazine,DRD1,old,CCC(c1ccc2c(N(CC(N(C)C)C)c3c(cccc3)S2)c1)=O
1179,Propiomazine,HTR2C,old,CCC(c1ccc2c(N(CC(N(C)C)C)c3c(cccc3)S2)c1)=O
1180,Propiomazine,DRD2,old,CCC(c1ccc2c(N(CC(N(C)C)C)c3c(cccc3)S2)c1)=O
1181,Propiomazine,CHRM3,old,CCC(c1ccc2c(N(CC(N(C)C)C)c3c(cccc3)S2)c1)=O
1182,Propiomazine,ADRA1A,old,CCC(c1ccc2c(N(CC(N(C)C)C)c3c(cccc3)S2)c1)=O
1183,Propiomazine,HRH1,old,CCC(c1ccc2c(N(CC(N(C)C)C)c3c(cccc3)S2)c1)=O
1184,Propiomazine,CHRM1,old,CCC(c1ccc2c(N(CC(N(C)C)C)c3c(cccc3)S2)c1)=O
1185,Propiomazine,CHRM2,old,CCC(c1ccc2c(N(CC(N(C)C)C)c3c(cccc3)S2)c1)=O
1186,Propofol,GABRA1,old,CC(c1c(O)c(C(C)C)ccc1)C
1187,Propofol,HTR2C,chembl,CC(c1c(O)c(C(C)C)ccc1)C
1188,Propofol,SLC6A2,chembl,CC(c1c(O)c(C(C)C)ccc1)C
1189,Propoxyphene,OPRD1,old,CCC(OC(c1ccccc1)(C(CN(C)C)C)Cc2ccccc2)=O
1190,Propoxyphene,OPRM1,old,CCC(OC(c1ccccc1)(C(CN(C)C)C)Cc2ccccc2)=O
1191,Propoxyphene,OPRK1,old,CCC(OC(c1ccccc1)(C(CN(C)C)C)Cc2ccccc2)=O
1203,Pseudoephedrine,SLC6A2,old,CNC(C(c1ccccc1)O)C
1204,Pseudoephedrine,SLC6A4,old,CNC(C(c1ccccc1)O)C
1205,Pseudoephedrine,ADRB2,old,CNC(C(c1ccccc1)O)C
1206,Pseudoephedrine,ADRA1A,old,CNC(C(c1ccccc1)O)C
1207,Pseudoephedrine,SLC6A3,old,CNC(C(c1ccccc1)O)C
1208,Pseudoephedrine,ADRA2A,old,CNC(C(c1ccccc1)O)C
1209,Pseudoephedrine,ADRB1,old,CNC(C(c1ccccc1)O)C
1210,Pseudoephedrine,HTR2A,new,CNC(C(c1ccccc1)O)C
1228,Quinestrol,ESR1,old,[H]C1(C([H])(C2([H])CC3)CCc4c2ccc(OC5CCCC5)c4)C3(C)C(C#C)(O)CC1
1229,Quinestrol,NR3C1,new,[H]C1(C([H])(C2([H])CC3)CCc4c2ccc(OC5CCCC5)c4)C3(C)C(C#C)(O)CC1
1230,Quinidine,KCNH2,old,[H]C1(C(c2c3c(ccc(OC)c3)ncc2)O)N4CCC(C(C=C)C4)C1
1231,Quinidine,SCN5A,old,[H]C1(C(c2c3c(ccc(OC)c3)ncc2)O)N4CCC(C(C=C)C4)C1
1253,Rifampicin,NR1I2,old,COC1C(C)C(OC(=O)C)C(C)C(O)C(C)C(O)C(C)C=CC=C(C)C(=O)Nc(c(c2c3c(C(=O)C4(C)OC=C1)c(c(C)c2O)O4)O)c(C=NN5CCN(C)CC5)c3O
1254,Rifaximin,NR1I2,old,COC1C(C)C(OC(=O)C)C(C)C(O)C(C)C(O)C(C)C=CC=C(C)C(=O)Nc(c(n(c2n3)ccc(C)c2)c3c(c45)c(C(=O)C6(C)OC=C1)c(c(C)c4O)O6)c5O
1255,Rimexolone,NR3C1,old,CCC(C1(C(C)(C2CC1C)CC(O)C(C23)C(C)(C(=C4)CC3)C=CC4=O)C)=O
1256,Rimexolone,PGR,new,CCC(C1(C(C)(C2CC1C)CC(O)C(C23)C(C)(C(=C4)CC3)C=CC4=O)C)=O
1276,Ritodrine,ADRB2,old,CC(C(c1ccc(O)cc1)O)NCCc2ccc(O)cc2
1277,Ritodrine,OPRM1,new,CC(C(c1ccc(O)cc1)O)NCCc2ccc(O)cc2
1319,Sotalol,KCNH2,old,CC(NCC(c1ccc(NS(=O)(=O)C)cc1)O)C
1320,Sotalol,ADRB2,old,CC(NCC(c1ccc(NS(=O)(=O)C)cc1)O)C
1321,Sotalol,ADRB3,old,CC(NCC(c1ccc(NS(=O)(=O)C)cc1)O)C
1322,Sotalol,ADRB1,old,CC(NCC(c1ccc(NS(=O)(=O)C)cc1)O)C
1327,Sulfasalazine,PTGS1,old,OC(c1cc(N=Nc2ccc(S(Nc3ncccc3)(=O)=O)cc2)ccc1O)=O
1328,Sulfasalazine,PTGS2,old,OC(c1cc(N=Nc2ccc(S(Nc3ncccc3)(=O)=O)cc2)ccc1O)=O
1329,Sulfathiazole,EDNRA,old,Nc1ccc(S(Nc2sccn2)(=O)=O)cc1
1330,Sulfinpyrazone,PTGS1,old,[O-][S+](CCC1C(=O)N(N(C1=O)c2ccccc2)c3ccccc3)c4ccccc4
1333,Sulindac,PTGS1,old,C[S+]([O-])c1ccc(\C=C/2\C(=C(CC(=O)O)c3cc(F)ccc23)C)cc1
1334,Sulindac,PTGS2,old,C[S+]([O-])c1ccc(\C=C/2\C(=C(CC(=O)O)c3cc(F)ccc23)C)cc1
1339,Suprofen,PTGS1,old,CC(c1ccc(C(c2sccc2)=O)cc1)C(=O)O
1340,Suprofen,PTGS2,old,CC(c1ccc(C(c2sccc2)=O)cc1)C(=O)O
1364,Temazepam,GABRA1,old,CN1C(=O)C(O)N=C(c2ccccc2)c3c1ccc(Cl)c3
1365,Tenoxicam,PTGS1,old,c(scc1)(C(O)=C(C(=O)Nc2ccccn2)N(C)S3(=O)=O)c13
1366,Tenoxicam,PTGS2,old,c(scc1)(C(O)=C(C(=O)Nc2ccccn2)N(C)S3(=O)=O)c13
1391,Thalidomide,PTGS1,old,O=C1c2c(cccc2)C(=O)N1C3C(=O)NC(=O)CC3
1392,Thalidomide,PTGS2,old,O=C1c2c(cccc2)C(=O)N1C3C(=O)NC(=O)CC3
1393,Theobromine,ADORA1,old,Cn1c2c(N(C)C(=O)NC2=O)nc1
1394,Theobromine,ADORA2A,old,Cn1c2c(N(C)C(=O)NC2=O)nc1
1411,Thiothixene,HTR2A,old,CN(S(c1ccc2c(C(=CCCN3CCN(C)CC3)c4c(cccc4)S2)c1)(=O)=O)C
1412,Thiothixene,DRD1,old,CN(S(c1ccc2c(C(=CCCN3CCN(C)CC3)c4c(cccc4)S2)c1)(=O)=O)C
1413,Thiothixene,DRD2,old,CN(S(c1ccc2c(C(=CCCN3CCN(C)CC3)c4c(cccc4)S2)c1)(=O)=O)C
1414,Tiaprofenic acid,PTGS1,old,CC(c1sc(C(c2ccccc2)=O)cc1)C(=O)O
1415,Tiaprofenic acid,PTGS2,old,CC(c1sc(C(c2ccccc2)=O)cc1)C(=O)O
1419,Tiotropium,CHRM3,old,C[N+](C1CC(OC(C(c2sccc2)(c3sccc3)O)=O)C4)(C4C(C15)O5)C
1420,Tiotropium,CHRM1,old,C[N+](C1CC(OC(C(c2sccc2)(c3sccc3)O)=O)C4)(C4C(C15)O5)C
1421,Tiotropium,CHRM2,old,C[N+](C1CC(OC(C(c2sccc2)(c3sccc3)O)=O)C4)(C4C(C15)O5)C
1422,Tizanidine,ADRA2C,old,Clc1ccc(c2c1NC(NCC3)=N3)nsn2
1423,Tizanidine,ADRA2B,old,Clc1ccc(c2c1NC(NCC3)=N3)nsn2
1424,Tizanidine,ADRA2A,old,Clc1ccc(c2c1NC(NCC3)=N3)nsn2
1425,Tocainide,SCN5A,old,CC(C(Nc1c(C)cccc1C)=O)N
1430,Topiramate,GABRA1,old,[H]C1(OC(C)(C)O2)C2([H])C([H])(C3(COS(=O)(=O)N)OC1)OC(C)(C)O3
1455,Trilostane,ESR1,old,[H]C1(C(O)=C(C#N)C2)C3(C2(C)C([H])(C4([H])CC3)CCC(C)(C45[H])C(O)CC5)O1
1456,Trilostane,ESR2,old,[H]C1(C(O)=C(C#N)C2)C3(C2(C)C([H])(C4([H])CC3)CCC(C)(C45[H])C(O)CC5)O1
1457,Trimethoprim,KCNH2,old,COc1c(OC)c(OC)cc(Cc2c(N)nc(N)nc2)c1
1472,Verapamil,KCNH2,old,COc1ccc(CCN(CCCC(c2ccc(OC)c(OC)c2)(C(C)C)C#N)C)cc1OC
1473,Verapamil,SLC6A4,old,COc1ccc(CCN(CCCC(c2ccc(OC)c(OC)c2)(C(C)C)C#N)C)cc1OC
1474,Verapamil,CACNA1C,old,COc1ccc(CCN(CCCC(c2ccc(OC)c(OC)c2)(C(C)C)C#N)C)cc1OC
1475,Verapamil,CACNA1B,old,COc1ccc(CCN(CCCC(c2ccc(OC)c(OC)c2)(C(C)C)C#N)C)cc1OC
1476,Verapamil,SCN5A,old,COc1ccc(CCN(CCCC(c2ccc(OC)c(OC)c2)(C(C)C)C#N)C)cc1OC
1477,Verapamil,ADRA2C,new,COc1ccc(CCN(CCCC(c2ccc(OC)c(OC)c2)(C(C)C)C#N)C)cc1OC
1478,Verapamil,HTR1A,chembl,COc1ccc(CCN(CCCC(c2ccc(OC)c(OC)c2)(C(C)C)C#N)C)cc1OC
1479,Verapamil,HTR2A,old,COc1ccc(CCN(CCCC(c2ccc(OC)c(OC)c2)(C(C)C)C#N)C)cc1OC
1480,Verapamil,HTR2C,old,COc1ccc(CCN(CCCC(c2ccc(OC)c(OC)c2)(C(C)C)C#N)C)cc1OC
1481,Vidarabine,ADORA1,old,Nc1c2c(n(C3C(O)C(O)C(CO)O3)cn2)ncn1
1482,Vidarabine,ADORA2A,old,Nc1c2c(n(C3C(O)C(O)C(CO)O3)cn2)ncn1
1483,Vidarabine,ADORA3,old,Nc1c2c(n(C3C(O)C(O)C(CO)O3)cn2)ncn1
1484,Yohimbine,HTR2A,old,[H]C1(CN2C(c3c(c4c(cccc4)[nH]3)CC2)([H])C5)C5([H])C(C(OC)=O)C(O)CC1
1485,Yohimbine,HTR2C,old,[H]C1(CN2C(c3c(c4c(cccc4)[nH]3)CC2)([H])C5)C5([H])C(C(OC)=O)C(O)CC1
1486,Yohimbine,ADRA2C,old,[H]C1(CN2C(c3c(c4c(cccc4)[nH]3)CC2)([H])C5)C5([H])C(C(OC)=O)C(O)CC1
1487,Yohimbine,DRD3,old,[H]C1(CN2C(c3c(c4c(cccc4)[nH]3)CC2)([H])C5)C5([H])C(C(OC)=O)C(O)CC1
1488,Yohimbine,DRD2,old,[H]C1(CN2C(c3c(c4c(cccc4)[nH]3)CC2)([H])C5)C5([H])C(C(OC)=O)C(O)CC1
1489,Yohimbine,ADRA1A,old,[H]C1(CN2C(c3c(c4c(cccc4)[nH]3)CC2)([H])C5)C5([H])C(C(OC)=O)C(O)CC1
1490,Yohimbine,ADRA2B,old,[H]C1(CN2C(c3c(c4c(cccc4)[nH]3)CC2)([H])C5)C5([H])C(C(OC)=O)C(O)CC1
1491,Yohimbine,ADORA3,old,[H]C1(CN2C(c3c(c4c(cccc4)[nH]3)CC2)([H])C5)C5([H])C(C(OC)=O)C(O)CC1
1492,Yohimbine,ADRA2A,old,[H]C1(CN2C(c3c(c4c(cccc4)[nH]3)CC2)([H])C5)C5([H])C(C(OC)=O)C(O)CC1
1493,Yohimbine,HTR1A,old,[H]C1(CN2C(c3c(c4c(cccc4)[nH]3)CC2)([H])C5)C5([H])C(C(OC)=O)C(O)CC1
1494,Yohimbine,HTR2B,drugbank,[H]C1(CN2C(c3c(c4c(cccc4)[nH]3)CC2)([H])C5)C5([H])C(C(OC)=O)C(O)CC1
1495,Zaleplon,GABRA1,old,CCN(c1cc(c2n(c3ncc2)ncc3C#N)ccc1)C(=O)C
1515,Zonisamide,MAOA,old,NS(Cc1c2c(cccc2)on1)(=O)=O
1516,Zonisamide,SCN5A,old,NS(Cc1c2c(cccc2)on1)(=O)=O
1517,Zopiclone,GABRA1,old,CN1CCN(C(OC2c(c3C(=O)N2c4ccc(Cl)cn4)nccn3)=O)CC1
1518,Zuclopenthixol,HTR2A,old,OCCN1CCN(CCC=C2c3c(ccc(Cl)c3)Sc4c2cccc4)CC1
1519,Zuclopenthixol,DRD1,old,OCCN1CCN(CCC=C2c3c(ccc(Cl)c3)Sc4c2cccc4)CC1
1520,Zuclopenthixol,DRD2,old,OCCN1CCN(CCC=C2c3c(ccc(Cl)c3)Sc4c2cccc4)CC1
1521,Zuclopenthixol,ADRA1A,old,OCCN1CCN(CCC=C2c3c(ccc(Cl)c3)Sc4c2cccc4)CC1
1522,Zuclopenthixol,ADRA2A,old,OCCN1CCN(CCC=C2c3c(ccc(Cl)c3)Sc4c2cccc4)CC1
1523,Zuclopenthixol,HRH1,drugbank,OCCN1CCN(CCC=C2c3c(ccc(Cl)c3)Sc4c2cccc4)CC1
1524,Anecortave,NR3C1,new,CC(OCC(C1(C(C)(C2CC1)CC=C(C23)C(C)(C(=C4)CC3)CCC4=O)O)=O)=O
1525,Buphenin,ADRA2A,new,CC(NC(C(c1ccc(O)cc1)O)C)CCc2ccccc2
1526,Buphenin,ADRA2B,new,CC(NC(C(c1ccc(O)cc1)O)C)CCc2ccccc2
1527,Buphenin,ADRA2C,new,CC(NC(C(c1ccc(O)cc1)O)C)CCc2ccccc2
1528,Buphenin,DRD3,new,CC(NC(C(c1ccc(O)cc1)O)C)CCc2ccccc2
1529,Buphenin,HTR1A,new,CC(NC(C(c1ccc(O)cc1)O)C)CCc2ccccc2
1530,Buphenin,OPRK1,new,CC(NC(C(c1ccc(O)cc1)O)C)CCc2ccccc2
1531,Buphenin,OPRM1,new,CC(NC(C(c1ccc(O)cc1)O)C)CCc2ccccc2
1532,Buphenin,SLC6A2,new,CC(NC(C(c1ccc(O)cc1)O)C)CCc2ccccc2
1533,Clobutinol,SLC6A4,new,CC(C(Cc1ccc(Cl)cc1)(O)C)CN(C)C
1534,Deserpidine,ADRA2C,new,[H]C1(CN2C(c3c(c4c(cccc4)[nH]3)CC2)([H])C5)C5([H])C(C(OC)=O)C(OC)C(OC(c6cc(OC)c(OC)c(OC)c6)=O)C1
1535,Dihydrotachysterol,AR,new,CC(C(C=CC(C1C2(C)C(C(=CC=C3C(C)CCC(O)C3)CCC2)CC1)C)C)C
1537,Diperodon,OPRK1,new,O=C(OCC(OC(Nc1ccccc1)=O)CN2CCCCC2)Nc3ccccc3
1538,Dyclonine,ADRA1A,new,CCCCOc1ccc(C(CCN2CCCCC2)=O)cc1
1539,Dyclonine,DRD4,new,CCCCOc1ccc(C(CCN2CCCCC2)=O)cc1
1540,Dyclonine,HRH1,new,CCCCOc1ccc(C(CCN2CCCCC2)=O)cc1
1541,Dyclonine,HRH2,new,CCCCOc1ccc(C(CCN2CCCCC2)=O)cc1
1542,Dyclonine,HRH3,new,CCCCOc1ccc(C(CCN2CCCCC2)=O)cc1
1543,Dyclonine,HTR2A,new,CCCCOc1ccc(C(CCN2CCCCC2)=O)cc1
1544,Dyclonine,KCNH2,new,CCCCOc1ccc(C(CCN2CCCCC2)=O)cc1
1545,Dyclonine,PDE4D,new,CCCCOc1ccc(C(CCN2CCCCC2)=O)cc1
1546,Dyclonine,SLC6A2,new,CCCCOc1ccc(C(CCN2CCCCC2)=O)cc1
1547,Encainide,OPRK1,new,COc1ccc(C(Nc2c(CCC3N(C)CCCC3)cccc2)=O)cc1
1548,Encainide,SCN5A,drugbank,COc1ccc(C(Nc2c(CCC3N(C)CCCC3)cccc2)=O)cc1
1549,Exemestane,NR3C1,new,[H]C1(C2([H])C(C(C)(C(=C3)C(=C)C2)C=CC3=O)([H])CC4)C4(C)C(=O)CC1
1550,Exemestane,PGR,new,[H]C1(C2([H])C(C(C)(C(=C3)C(=C)C2)C=CC3=O)([H])CC4)C4(C)C(=O)CC1
1551,Fasudil,ADRA2A,new,O=S(c1c2c(cncc2)ccc1)(N3CCNCCC3)=O
1552,Oxamniquine,DRD3,new,CC(NCC1Nc2c(cc(CO)c([N+](=O)[O-])c2)CC1)C
1562,Rescinnamine,ADRA1A,new,[H]C1(CN2C(c3c(c4c(cc(OC)cc4)[nH]3)CC2)([H])C5)C5([H])C(C(OC)=O)C(OC)C(OC(C=Cc6cc(OC)c(OC)c(OC)c6)=O)C1
1563,Reserpine,ADRA1A,new,[H]C1(CN2C(c3c(c4c(cc(OC)cc4)[nH]3)CC2)([H])C5)C5([H])C(C(OC)=O)C(OC)C(OC(c6cc(OC)c(OC)c(OC)c6)=O)C1
1564,Reserpine,SLC6A3,new,[H]C1(CN2C(c3c(c4c(cc(OC)cc4)[nH]3)CC2)([H])C5)C5([H])C(C(OC)=O)C(OC)C(OC(c6cc(OC)c(OC)c(OC)c6)=O)C1
1565,Reserpine,OPRM1,chembl,[H]C1(CN2C(c3c(c4c(cc(OC)cc4)[nH]3)CC2)([H])C5)C5([H])C(C(OC)=O)C(OC)C(OC(c6cc(OC)c(OC)c(OC)c6)=O)C1
1566,Saquinavir,OPRM1,new,CC(NC(C1N(CC(C(NC(C(NC(c2ccc3c(cccc3)n2)=O)CC(=O)N)=O)Cc4ccccc4)O)CC(C5C1)CCCC5)=O)(C)C
1567,Saquinavir,OPRK1,chembl,CC(NC(C1N(CC(C(NC(C(NC(c2ccc3c(cccc3)n2)=O)CC(=O)N)=O)Cc4ccccc4)O)CC(C5C1)CCCC5)=O)(C)C
1568,Saquinavir,SLC6A3,chembl,CC(NC(C1N(CC(C(NC(C(NC(c2ccc3c(cccc3)n2)=O)CC(=O)N)=O)Cc4ccccc4)O)CC(C5C1)CCCC5)=O)(C)C
1569,Saquinavir,HTR1A,chembl,CC(NC(C1N(CC(C(NC(C(NC(c2ccc3c(cccc3)n2)=O)CC(=O)N)=O)Cc4ccccc4)O)CC(C5C1)CCCC5)=O)(C)C
1570,Saquinavir,OPRD1,chembl,CC(NC(C1N(CC(C(NC(C(NC(c2ccc3c(cccc3)n2)=O)CC(=O)N)=O)Cc4ccccc4)O)CC(C5C1)CCCC5)=O)(C)C
1576,Zafirlukast,PDE4D,new,COc1cc(C(NS(c2ccccc2C)(=O)=O)=O)ccc1Cc3c4c(ccc(NC(OC5CCCC5)=O)c4)n(C)c3
1577,Talbutal,CHRNA10,drugbank,CCC(C1(C(=O)NC(=O)NC1=O)CC=C)C
1578,Talbutal,GABRA1,drugbank,CCC(C1(C(=O)NC(=O)NC1=O)CC=C)C
1579,Mecamylamine,CHRNA10,drugbank,CNC1(C(C)(C)C(CC12)CC2)C
1580,Lornoxicam,PTGS2,drugbank,CN1S(=O)(=O)c(c2C(O)=C1C(Nc3ncccc3)=O)cc(Cl)s2
1581,Lornoxicam,PTGS1,drugbank,CN1S(=O)(=O)c(c2C(O)=C1C(Nc3ncccc3)=O)cc(Cl)s2
1582,Levamisole,CHRNA10,drugbank,C1SC(N2C1)=NC(c3ccccc3)C2
1583,Disopyramide,CHRM1,drugbank,CC(N(C(C)C)CCC(c1ccccn1)(c2ccccc2)C(=O)N)C
1584,Disopyramide,SCN5A,drugbank,CC(N(C(C)C)CCC(c1ccccn1)(c2ccccc2)C(=O)N)C
1585,Disopyramide,CHRM2,drugbank,CC(N(C(C)C)CCC(c1ccccn1)(c2ccccc2)C(=O)N)C
1586,Disopyramide,CHRM3,drugbank,CC(N(C(C)C)CCC(c1ccccn1)(c2ccccc2)C(=O)N)C
1587,Paclitaxel,NR1I2,drugbank,[H]C1(C(OC(=O)C)(C2CC3O)CO2)C3(C)C(=O)C(OC(=O)C)C(C(C)(C)C4(O)C1OC(c5ccccc5)=O)=C(C)C(OC(C(C(c6ccccc6)NC(c7ccccc7)=O)O)=O)C4
1588,Paclitaxel,OPRD1,chembl,[H]C1(C(OC(=O)C)(C2CC3O)CO2)C3(C)C(=O)C(OC(=O)C)C(C(C)(C)C4(O)C1OC(c5ccccc5)=O)=C(C)C(OC(C(C(c6ccccc6)NC(c7ccccc7)=O)O)=O)C4
1589,Ambroxol,SLC6A4,chembl,Nc1c(CNC2CCC(O)CC2)cc(Br)cc1Br
1621,Imiquimod,ADORA2A,chembl,CC(Cn1c2c(c(N)nc3c2cccc3)nc1)C
1622,Leflunomide,SLC6A3,chembl,Cc1oncc1C(Nc2ccc(C(F)(F)F)cc2)=O
1623,Leflunomide,SLC6A2,chembl,Cc1oncc1C(Nc2ccc(C(F)(F)F)cc2)=O
1624,Lovastatin,SLC6A3,chembl,[H]C1(C(CCC2OC(=O)CC(O)C2)C(C)C=C3)C3=CC(C)CC1OC(C(CC)C)=O
1625,Lovastatin,SLC6A2,chembl,[H]C1(C(CCC2OC(=O)CC(O)C2)C(C)C=C3)C3=CC(C)CC1OC(C(CC)C)=O
1626,Lovastatin,ADORA1,chembl,[H]C1(C(CCC2OC(=O)CC(O)C2)C(C)C=C3)C3=CC(C)CC1OC(C(CC)C)=O
1632,Nocodazole,SLC6A3,chembl,COC(Nc1[nH]c2c(ccc(C(c3sccc3)=O)c2)n1)=O
1633,Nocodazole,ADORA2A,chembl,COC(Nc1[nH]c2c(ccc(C(c3sccc3)=O)c2)n1)=O
1634,Nocodazole,ADORA1,chembl,COC(Nc1[nH]c2c(ccc(C(c3sccc3)=O)c2)n1)=O
1635,Ritonavir,OPRK1,chembl,CC(C(C(NC(Cc1ccccc1)CC(C(NC(OCc2scnc2)=O)Cc3ccccc3)O)=O)NC(N(Cc4nc(C(C)C)sc4)C)=O)C
1636,Ritonavir,OPRM1,chembl,CC(C(C(NC(Cc1ccccc1)CC(C(NC(OCc2scnc2)=O)Cc3ccccc3)O)=O)NC(N(Cc4nc(C(C)C)sc4)C)=O)C
1637,Terbinafine,SLC6A2,chembl,CN(Cc1c2c(cccc2)ccc1)CC=CC#CC(C)(C)C
1642,Viloxazine,SLC6A4,chembl,CCOc1c(OCC2OCCNC2)cccc1
1643,Viloxazine,SLC6A3,old,CCOc1c(OCC2OCCNC2)cccc1
1644,Viloxazine,SLC6A2,old,CCOc1c(OCC2OCCNC2)cccc1
1649,Terguride,DRD2,old,CCN(C(NC1CN(C)C2C(c(c(c3[nH]c4)c4C2)ccc3)C1)=O)CC
1650,Terguride,HTR1A,old,CCN(C(NC1CN(C)C2C(c(c(c3[nH]c4)c4C2)ccc3)C1)=O)CC
